url_path,views_total,views_unique
/Pythagora-io/pythagora,214,168
/Pythagora-io/pythagora/tree/main/src,14,7
/Pythagora-io/pythagora/blob/main/src/docs/integration/README.md,7,6
/Pythagora-io/pythagora/issues,7,6
/Pythagora-io/pythagora/issues/75,5,5
/Pythagora-io/pythagora/tree/main,5,2
/Pythagora-io/pythagora/pulls,4,4
/Pythagora-io/pythagora/tree/main/src/helpers,4,3
/Pythagora-io/pythagora/tree/main/pythagora_tests/unit/src,3,3
/Pythagora-io/pythagora/tree/main/pythagora_tests/unit/src/utils,3,3
